{
    "train_loss": [
        0.16414196896114092,
        0.04075147208663844,
        0.029132592340194902,
        0.023787784498444823,
        0.020729088549350582,
        0.018709797643182813,
        0.016944074678386368,
        0.015976164006274336,
        0.01524159835665956,
        0.014264581125778284,
        0.013508890769913677,
        0.012925901045921699,
        0.012734729782208916,
        0.012084301589995392,
        0.011557963402407575,
        0.011241521383094233,
        0.011101833717940851,
        0.010694120274206926,
        0.010520077108354994,
        0.010450629279190717,
        0.010115405147563117,
        0.01002943669554106,
        0.00979752988056388,
        0.009597950109619965,
        0.00947962211473852,
        0.009267930002782003,
        0.009210049900291272,
        0.009025664657152207,
        0.008862932190992111,
        0.008957348558185406,
        0.00867091283534271,
        0.00853469485214861,
        0.008560287105569313,
        0.00836554102873964,
        0.008338697023631991,
        0.008298352663946707,
        0.008221981667935155,
        0.00797216217358445,
        0.007984433716610652,
        0.00788462841377933,
        0.007821740712537321,
        0.00783964868476109,
        0.007764173249259244,
        0.007652457933439765,
        0.0075913005501262905,
        0.007531491862682178,
        0.007563574160196523,
        0.007580959747090589,
        0.007382692242142304,
        0.0073281678320594535,
        0.007276013341927251,
        0.0073129110464234225,
        0.00720950895415027,
        0.0073074401399597175,
        0.006941795363560203,
        0.006911743656089602,
        0.006942181151302517,
        0.006856090396411659,
        0.006784164180704789,
        0.006791832614978848
    ],
    "val_loss": [
        0.026889513520633474,
        0.013259386698551038,
        0.00931502366438508,
        0.007901882232331178,
        0.006463843206053271,
        0.005291455781415981,
        0.005248257369898698,
        0.0046195410301580146,
        0.004247244885739158,
        0.0039984152707106925,
        0.0041377043269355505,
        0.0036217921605224117,
        0.004400913795346723,
        0.0033756150891456533,
        0.0039031462305608917,
        0.003356973462573746,
        0.0036840621957226712,
        0.003420677419532748,
        0.004575267214985455,
        0.003422126406803727,
        0.0036603272892534733,
        0.002906091689296505,
        0.0028645313235328477,
        0.0035810221315306775,
        0.003733938464018352,
        0.0037187167361159533,
        0.003171553383307422,
        0.0029083751826821003,
        0.0028018349754240584,
        0.003279425998163574,
        0.002778216922546134,
        0.002914916628095157,
        0.0027389447067809455,
        0.0029305832679657373,
        0.003161186119541526,
        0.0026672354707603946,
        0.0029666286975364477,
        0.003135775900719797,
        0.0028058616855346106,
        0.0026661309495787412,
        0.0031152148594093673,
        0.0026295439970186528,
        0.0026515460408785764,
        0.002492463969461182,
        0.0022457205786314957,
        0.0023959722397301126,
        0.0028876221930498585,
        0.003088584334096488,
        0.0037032112013548613,
        0.002499624141765868,
        0.0024848018142887775,
        0.0024486477349830024,
        0.00263995274572688,
        0.002491283641361138,
        0.0025545577244723543,
        0.0023709494921871845,
        0.0021231593564152718,
        0.002266112358911949,
        0.002455928801175426,
        0.0023431247237193234
    ]
}